name,pos,ang,sca,coll
block.X,-13.53056/116.3/201.2105,0.000000/-0.136254/0.000000/0.990674,1/1/1,0,0
block.X,-3/116.3/162,0.000000/-0.136254/0.000000/0.990674,1/1/1,0,0
house3.X,-73/116.12/178.8,0.000000/0.000000/0.000000/1.000000,1/1/1,0,0
commanders_hill.X,-386.3518/119.2/267.8118,0.255380/0.659379/0.659379/-0.255380,1/1/1,0,0
MaouSiro.X,-146.5/140.5/141.9,0.000000/0.000000/0.000000/1.000000,1/1/1,0,0
