name,pos,ang,sca
Well.X,-363.6/57.59/-108.7,-0.7071068/0/0/0.7071068,1/1/1,0
coll,-0.05999756/0.02/0.49,0/0/0/1,2/3.500001/4.000001,1
Tent.X,-355.23/57.66/-98.42999,-0.7071068/0/0/0.7071068,1/1/1,0
coll,-0.04998779/0.77/0.4,-0.7071068/0/0/0.7071068,2.5/2/2.5,1
1st_saku.X,-327.16/70.29/75.5,0/0/0/1,1.5/1.5/1.5,0
coll,-0.006673177/0.006668091/0.07333374,0/0/0/1,4/4/1,1
Yashi.X,-198.86/57.59/-154.2,-0.7071068/0/0/0.7071068,2.54/2.540001/2.540001,0
coll,0.2007852/0.07873884/-0.8464571,0/0/0/1,1/4.000002/1.000001,0
