name,pos,ang,sca
RockCave.X,0/68.2/1283,-0.0002074102/0/0,-1/1/-1
fence_a.X,0.354321/70.1/1192,0/90/-90,-1/1/-1
Building_A.X,0/68.3/1110.6,-270/0/0,-1/1/-1
