type,param,dropexp,money,pos,Quaternion,sca,item,armor,weapon,colorflag,color
7,[30000,500,1500,1500,250,250,20,10,75],0,0,-145.1/190.13/413.51,0.000000/0.000000/0.000000/1.000000,1/1/1,[0,0,0,0,0],[0,0,0,0,0],[0,0,0,0,0],[0,0,0,0,0,0,0,0,0,0,0,0,0,0,0],0,1.000000/1.000000/1.000000/1.000000
0,[1500,10,600,600,100,100,3,5,53],175,65,-174.1/122.4/81.2,0.000000/0.000000/0.000000/1.000000,1/1/1,[200,203,-1,-1,-1],[-1,-1,-1,-1,-1],[13,-1,-1,-1,-1],[10,2,0,0,2,0,0,0,0,0,10,0,0,0,0],1,0.316609/0.448529/0.339354/1.000000
0,[2000,10,600,600,100,100,5,5,55],175,65,-145.3/122.4/147.9,0.000000/0.000000/0.000000/1.000000,1/1/1,[200,203,-1,-1,-1],[-1,-1,-1,-1,-1],[13,-1,-1,-1,-1],[10,2,0,0,2,0,0,0,0,0,10,0,0,0,0],1,0.257353/0.257353/0.257353/1.000000
3,[1700,0,570,0,240,240,5,10,53],185,70,-188.2/122.5/78.9,0.000000/0.000000/0.000000/1.000000,1/1/1,[-1,-1,-1,-1,-1],[12,-1,-1,-1,-1],[-1,-1,-1,-1,-1],[0,0,0,0,0,10,0,0,0,0,0,0,0,0,0],0,1.000000/1.000000/1.000000/1.000000
