type,param,dropexp,money,pos,Quaternion,sca,item,armor,weapon,colorflag,color
7,[30000,500,1500,1500,250,250,20,10,75],0,0,-145.1/190.13/413.51,0.000000/0.000000/0.000000/1.000000,1/1/1,[0,0,0,0,0],[0,0,0,0,0],[0,0,0,0,0],[0,0,0,0,0,0,0,0,0,0,0,0,0,0,0],0,1.000000/1.000000/1.000000/1.000000
