name,pos,ang,sca,type,shopid,messeageid,showtitle
villager1.X,-200.22/58.6/-140.48,0.000000/1.000000/0.000000/0.000000,0.4/0.4/0.4,0,0,18,1
LastBoss.X,-206.2/59.48/113.9,0.000000/1.000000/0.000000/0.000000,0.4/0.4/0.4,0,0,25,1
