name,pos,ang,sca
Building_B.X,36.72/68.5/-1411.7,-0.7071068/0/0/0.7071068,1/1/1,0
