name,pos,ang,sca,hitCamera,coll
MaouSiro.X,-146/150.4/205.8,0.000000/0.000000/0.000000/1.000000,1/1/1,0,0
