name,pos,ang,sca,messeageid,showtitle
villager1.X,-60.1/68.86/1393.9,0/0.08715578/0/0.9961947,0.9999999/1/0.9999999,1,0,12,1
