name,pos,ang,sca,messeageid,showtitle,,
villager1.X,-0.004678432,0/0/0/1,2001/1/1,0,-1,11,1
villager1.X,-0.004706751,0/0.08715578/0/0.9961947,0.9999999/1/0.9999999,1,0,12,1
villager1.X,-0.005150967,0/0/0/1,2001/1/1,0,-1,11,1
