name,pos,ang,sca
Well.X,-1055.6/68.41/-1912.42,-0.7071068/0/0/0.7071068,1/1/1,0
Tent.X,-1034.9/68.5/-1923.4,-0.5776353/-0.407845/-0.4078449/0.5776353,1/1/1,0
