name,pos,ang,sca,type,shopid,messeageid,showtitle
villager1.X,216.0074/67.027/-3.494951,0.000000/-0.012205/0.000000/0.999926,0.4000001/0.4/0.4000001,1,8,12,1
