type,param,dropexp,money,pos,Quaternion,sca,item,armor,weapon,colorflag,color
5,[100,0,350,0,250,0,50,50,30],500,300,241.08/68.25/144.97,0.000000/0.000000/0.000000/1.000000,1/1/1,[-1,-1,-1,-1,-1],[7,107,-1,-1,-1],[7,107,-1,-1,-1],[0,0,0,0,0,15,10,0,0,0,15,10,0,0,0],0,1.000000/1.000000/1.000000/1.000000
5,[400,0,350,0,150,0,10,10,30],500,300,238.03/68.25/154.38,0.000000/0.000000/0.000000/1.000000,1/1/1,[-1,-1,-1,-1,-1],[7,107,-1,-1,-1],[7,107,-1,-1,-1],[0,0,0,0,0,15,10,0,0,0,15,10,0,0,0],0,1.000000/1.000000/1.000000/1.000000
5,[300,0,300,0,200,0,10,10,30],500,300,228.58/68.25/147.55,0.000000/0.000000/0.000000/1.000000,1/1/1,[-1,-1,-1,-1,-1],[7,107,-1,-1,-1],[7,107,-1,-1,-1],[0,0,0,0,0,15,10,0,0,0,15,10,0,0,0],0,1.000000/1.000000/1.000000/1.000000
