name,pos,ang,sca,messeageid,showtitle
villager1.X,369.8/62.38/-1267.13,0/0/0,1/1/1,0,-1,11,1
villager1.X,372.15/62.35/-1268.12,0/10/0,0.9999999/1/0.9999999,1,0,12,1
villager1.X,417.69/62.38/-1299.93,0/0/0,1/1/1,0,-1,11,1
