name,pos,ang,sca,messeageid,showtitle
enemy_00.X,369.8/62/-1267.13,0/0/0,1/1/1,0,-1,11,1
enemy_00.X,372.15/62/-1268.12,0/10/0,0.9999999/1/0.9999999,1,0,12,1
