name,pos,ang,sca,type,shopid,messeageid,showtitle
villager1.X,-381.99/58.75/-71.06,0.000000/0.000000/0.000000/1.000000,0.4/0.4/0.4,1,2,12,1
villager1.X,-401.71/60.8/-95.06,0.000000/1.000000/0.000000/0.000000,0.4/0.4/0.4,0,0,17,1
villager1.X,-400.53/60.8/-51.01,0.000000/0.000000/0.000000/1.000000,0.4/0.4/0.4,0,0,54,1
villager1.X,-409.35/59.3/-63.61,0.000000/-0.707107/0.000000/0.707107,0.4000001/0.4/0.4000001,0,0,17,1
villager1.X,-393.18/59.3/-68.57,0.000000/0.728221/0.000000/0.685342,0.4000002/0.4/0.4000002,0,0,53,1
villager1.X,-398.09/60.8/-71.41,0.000000/1.000000/0.000000/0.000000,0.4/0.4/0.4,0,0,91,1
