type,param,dropexp,money,pos,Quaternion,sca,item,armor,weapon,colorflag,color,viewrange,wanderingrange,discoveryrange,respawntime
5,[500,0,350,0,250,0,50,50,30],500,100,241.08/68.25/144.97,0.000000/0.000000/0.000000/1.000000,1/1/1,[-1,-1,-1,-1,-1],[108,-1,-1,-1,-1],[109,-1,-1,-1,-1],[0,0,0,0,0,30,0,0,0,0,30,0,0,0,0],0,1.000000/1.000000/1.000000/1.000000,10,10,10,60
5,[1200,0,350,0,150,0,10,10,30],500,100,238.03/68.25/154.38,0.000000/0.000000/0.000000/1.000000,1/1/1,[-1,-1,-1,-1,-1],[108,-1,-1,-1,-1],[109,-1,-1,-1,-1],[0,0,0,0,0,30,0,0,0,0,30,0,0,0,0],0,1.000000/1.000000/1.000000/1.000000,10,10,10,60
5,[1000,0,300,0,200,0,10,10,30],500,100,228.58/68.25/147.55,0.000000/0.000000/0.000000/1.000000,1/1/1,[-1,-1,-1,-1,-1],[108,-1,-1,-1,-1],[109,-1,-1,-1,-1],[0,0,0,0,0,30,0,0,0,0,30,0,0,0,0],0,1.000000/1.000000/1.000000/1.000000,10,10,10,60
