name,pos,ang,sca
1st_ie.X,-1042.67/70.09/-1939.61,0/0.9101545/0/0.414269,0.4000004/0.4/0.4000004,0
coll,0/-0.84/0,0/0.9101545/0/0.414269,4.000004/4/4.000004,1
