name,pos,ang,sca
Tent.X,55.2662/68.33/-1398.915,-0.7003186/0.09774406/0.09774408/0.7003186,0.9999999/1/1
Well.X,60.93/68.33/-1399.22,-0.7071068/0/0/0.7071068,1/1/1
Food_A.X,54.39/68.33/-1393.43,-0.6720496/0.2198849/0.2198849/0.6720496,1/1/1
