name,pos,ang,sca
1st_ie.X,-1042.9/70.34/-1938.5,0/-0.9021457/0/-0.4314316,0.4000004/0.4/0.4000004,0
coll,0/-3.51/-0.14,0/-0.9021457/0/-0.4314316,3.400003/1.2/3.400003,1
coll,0/-3.83/-6.09,-0.170131/-0.8268341/0.3664404/-0.3913085,1.200001/0.4000002/1.600001,1
coll,0/-2.515/-4.66,0/-0.9021457/0/-0.4314316,1.200001/0.4/0.4000004,1
