name,pos,ang,sca,type,shopid,messeageid,showtitle
villager1.X,225.6016/58.31/118.15,0.000000/0.202201/0.000000/0.979344,0.4/0.4/0.4,0,-1,47,1
villager1.X,221.41/58.35/118.58,0.000000/0.202201/0.000000/0.979344,0.4/0.4/0.4,0,-1,48,1
villager1.X,249.8/64.86/121,0.000000/-0.259947/0.000000/0.965623,0.4/0.4/0.4,0,-1,49,1
