name,pos,ang,sca,messeageid,showtitle
villager1.X,-400.53/60.9/-51.01,0.000000/0.000000/0.000000/1.000000,0.4/0.4/0.4,0,0,13,1
