type,param,dropexp,money,pos,Quaternion,sca,item,armor,weapon,colorflag,color
5,[500,0,500,0,200,0,10,10,40],300,300,237.7/68.25/156.9,0.000000/0.000000/0.000000/1.000000,1/1/1,[-1,-1,-1,-1,-1],[-1,-1,-1,-1,-1],[-1,-1,-1,-1,-1],[0,0,0,0,0,0,0,0,0,0,0,0,0,0,0],0,1.000000/1.000000/1.000000/1.000000
5,[500,0,500,0,200,0,10,10,40],300,300,240.8/68.25/145.3,0.000000/0.000000/0.000000/1.000000,1/1/1,[-1,-1,-1,-1,-1],[-1,-1,-1,-1,-1],[-1,-1,-1,-1,-1],[0,0,0,0,0,0,0,0,0,0,0,0,0,0,0],0,1.000000/1.000000/1.000000/1.000000
5,[500,0,500,0,200,0,10,10,40],300,300,229.76/68.25/148.0699,0.000000/0.000000/0.000000/1.000000,1/1/1,[-1,-1,-1,-1,-1],[-1,-1,-1,-1,-1],[-1,-1,-1,-1,-1],[0,0,0,0,0,0,0,0,0,0,0,0,0,0,0],0,1.000000/1.000000/1.000000/1.000000
5,[500,0,500,0,200,0,10,10,40],300,300,228.1/70.3/193.7,0.000000/0.000000/0.000000/1.000000,1/1/1,[-1,-1,-1,-1,-1],[-1,-1,-1,-1,-1],[-1,-1,-1,-1,-1],[0,0,0,0,0,0,0,0,0,0,0,0,0,0,0],0,1.000000/1.000000/1.000000/1.000000
5,[500,0,500,0,200,0,10,10,40],300,300,243.9/70.3/198.2,0.000000/0.000000/0.000000/1.000000,1/1/1,[-1,-1,-1,-1,-1],[-1,-1,-1,-1,-1],[-1,-1,-1,-1,-1],[0,0,0,0,0,0,0,0,0,0,0,0,0,0,0],0,1.000000/1.000000/1.000000/1.000000
5,[500,0,500,0,200,0,10,10,40],300,300,239.6/72.8/213.2,0.000000/0.000000/0.000000/1.000000,1/1/1,[-1,-1,-1,-1,-1],[-1,-1,-1,-1,-1],[-1,-1,-1,-1,-1],[0,0,0,0,0,0,0,0,0,0,0,0,0,0,0],0,1.000000/1.000000/1.000000/1.000000
5,[500,0,500,0,200,0,10,10,40],300,300,224.2/70.3/206.2,0.000000/0.000000/0.000000/1.000000,1/1/1,[-1,-1,-1,-1,-1],[-1,-1,-1,-1,-1],[-1,-1,-1,-1,-1],[0,0,0,0,0,0,0,0,0,0,0,0,0,0,0],0,1.000000/1.000000/1.000000/1.000000
