name,pos,ang,sca,messeageid,showtitle
villager1.X,-381.99/58.75/-71.06,0/0/0/1,0.4/0.4/0.4,1,0,12,1
villager1.X,-401.71/60.8/-95.06,0/1/0/0,0.4/0.4/0.4,0,0,17,1
villager1.X,-400.53/60.8/-51.01,0/0/0/1,0.4/0.4/0.4,0,0,17,1
villager1.X,-409.25/59.3/-63.61,0/-0.7071068/0/0.7071068,0.4000001/0.4/0.4000001,0,0,17,1
