name,pos,ang,sca,messeageid,showtitle
villager1.X,40.5/69.28/-1414,0/0/0/1,1/1/1,0,-1,11,1
villager1.X,36.4/69.28999/-1415.4,0/0.08715578/0/0.9961947,0.9999999/1/0.9999999,1,0,12,1
