name,pos,ang,sca,messeageid,showtitle
villager1.X,-1059.49/69.2/-1914.55,0/-0.9481534/0/0.3178131,0.4000006/0.4/0.4000006,0,-1,20,1
