name,pos,ang,sca,coll
1st_saku.X,-484.89/66.68/277.64,0.000000/0.000000/0.000000/1.000000,1.5/1.5/1.5,0,0
1st_saku.X,-480.8/66.68/277.64,0.000000/0.000000/0.000000/1.000000,1.5/1.5/1.5,0,0
1st_saku.X,-476.65/66.68/277.64,0.000000/0.000000/0.000000/1.000000,1.5/1.5/1.5,0,0
1st_saku.X,-472.54/66.68/277.64,0.000000/0.000000/0.000000/1.000000,1.5/1.5/1.5,0,0
1st_saku.X,-468.45/66.68/277.64,0.000000/0.000000/0.000000/1.000000,1.5/1.5/1.5,0,0
