name,pos,ang,sca
Building_A.X,60.97/68.6/-1422.32,0.1239405/0.69616/0.69616/-0.1239405,1/1/1,0
Tent.X,71.66621/68.6/-1431.115,-0.7003186/0.09774406/0.09774408/0.7003186,0.9999999/1/1,0
Well.X,77.33/68.6/-1431.42,-0.7071068/0/0/0.7071068,1/1/1,0
Food_A.X,70.79/68.6/-1425.63,-0.6720496/0.2198849/0.2198849/0.6720496,1/1/1,0
Building_B.X,79.99001/68.6/-1425.85,-0.4940428/0.5058871/0.5058871/0.4940428,1/1/1.000001,0
Building_B.X,81/68.6/-1384.9,-0.4940428/0.5058871/0.5058871/0.4940428,1/1/1.000001,0
