type,param,dropexp,money,pos,Quaternion,sca,item,armor,weapon,colorflag,color,viewrange,wanderingrange,discoveryrange,respawntime
3,[480,0,200,0,100,0,5,10,22],280,45,-290.4/74.29999/639.9,0.000000/0.000000/0.000000/1.000000,1/1/1,[205,206,207,-1,-1],[103,104,105,-1,-1],[103,104,105,114,-1],[30,10,8,0,0,8,5,1,0,0,8,5,1,5,0],0,1.000000/1.000000/1.000000/1.000000,100,20,10,30,10
3,[480,0,200,0,100,0,10,10,22],280,45,-290.5/74.29999/654.8,0.000000/0.000000/0.000000/1.000000,1/1/1,[205,206,207,-1,-1],[103,104,105,-1,-1],[103,104,105,114,-1],[30,10,8,0,0,8,5,1,0,0,8,5,1,5,0],0,1.000000/1.000000/1.000000/1.000000,100,20,10,30,10
3,[480,0,200,0,100,0,10,10,22],280,45,-303.5/74.29999/641.3999,0.000000/0.000000/0.000000/1.000000,1/1/1,[205,206,207,-1,-1],[103,104,105,-1,-1],[103,104,105,114,-1],[30,10,8,0,0,8,5,1,0,0,8,5,1,5,0],0,1.000000/1.000000/1.000000/1.000000,100,20,10,30,10
3,[620,0,235,0,140,0,15,10,22],350,45,-335.5/74.29999/612.9,0.000000/0.000000/0.000000/1.000000,1/1/1,[205,206,207,-1,-1],[104,105,-1,-1,-1],[104,114,105,-1,-1],[30,10,8,0,0,10,1,0,0,0,10,10,1,0,0],0,1.000000/1.000000/1.000000/1.000000,100,20,10,30,10
3,[620,0,235,0,140,0,15,10,22],350,45,-326.6/74.29999/606.9,0.000000/0.000000/0.000000/1.000000,1/1/1,[205,206,207,-1,-1],[104,105,-1,-1,-1],[104,114,105,-1,-1],[30,10,8,0,0,10,1,0,0,0,10,10,1,0,0],0,1.000000/1.000000/1.000000/1.000000,100,20,10,30,10
3,[700,0,270,0,160,0,10,10,22],450,45,-338.8/74.29999/601.9,0.000000/0.000000/0.000000/1.000000,1/1/1,[205,206,207,-1,-1],[104,105,-1,-1,-1],[104,114,105,-1,-1],[30,10,8,0,0,8,2,0,0,0,8,8,2,0,0],1,1.000000/0.727941/0.727941/1.000000,100,20,10,30,10
3,[1200,0,330,0,210,0,10,10,25],500,100,-338.3/77.10001/634.4,0.000000/0.000000/0.000000/1.000000,1/1/1,[-1,-1,-1,-1,-1],[105,-1,-1,-1,-1],[105,-1,-1,-1,-1],[0,0,0,0,0,5,0,0,0,0,5,0,0,0,0],1,0.000000/1.000000/0.917241/1.000000,100,20,10,30,30
