type,param,dropexp,money,pos,Quaternion,sca,item,armor,weapon,colorflag,color,viewrange,wanderingrange,discoveryrange,respawntime
3,[640,0,160,0,140,0,40,300,28],1400,100,-436.95/76.22/576.3,0.000000/0.000000/0.000000/1.000000,1/1/1,[207,-1,-1,-1,-1],[105,-1,-1,-1,-1],[105,-1,-1,-1,-1],[100,0,0,0,0,8,0,0,0,0,3,0,0,0,0],1,0.000000/0.000000/1.000000/1.000000,10,10,10,30
3,[800,0,400,0,80,0,35,50,28],1400,100,-425.77/76.22/578.72,0.000000/0.000000/0.000000/1.000000,1/1/1,[207,-1,-1,-1,-1],[105,-1,-1,-1,-1],[105,-1,-1,-1,-1],[100,0,0,0,0,8,0,2,0,0,3,0,2,0,0],1,1.000000/0.000000/0.000000/1.000000,10,10,10,30
4,[3200,0,450,0,230,0,20,40,45],4000,1500,290.3/54.9/623.9,0.000000/0.000000/0.000000/1.000000,1/1/1,[206,-1,-1,-1,-1],[107,105,-1,-1,-1],[108,105,-1,-1,-1],[50,0,0,0,0,15,30,0,0,0,15,30,0,0,0],0,1.000000/1.000000/1.000000/1.000000,30,10,60,30
3,[1000,0,380,0,100,0,15,10,40],0,0,285.1/54.9/623.9,0.000000/0.000000/0.000000/1.000000,1/1/1,[-1,-1,-1,-1,-1],[-1,-1,-1,-1,-1],[-1,-1,-1,-1,-1],[0,0,0,0,0,0,0,0,0,0,0,0,0,0,0],1,0.198529/0.198529/0.198529/1.000000,40,10,60,15
3,[1000,0,380,0,100,0,15,10,40],0,0,292.9/54.9/629.4,0.000000/0.000000/0.000000/1.000000,1/1/1,[-1,-1,-1,-1,-1],[-1,-1,-1,-1,-1],[-1,-1,-1,-1,-1],[0,0,0,0,0,0,0,0,0,0,0,0,0,0,0],1,0.198529/0.198529/0.198529/1.000000,40,10,60,15
3,[1000,0,380,0,100,0,15,10,40],0,0,293.1/54.9/619.3,0.000000/0.000000/0.000000/1.000000,1/1/1,[-1,-1,-1,-1,-1],[-1,-1,-1,-1,-1],[-1,-1,-1,-1,-1],[0,0,0,0,0,0,0,0,0,0,0,0,0,0,0],1,0.198529/0.198529/0.198529/1.000000,40,10,60,15
