name,pos,ang,sca,messeageid,showtitle
villager1.X,369.8/62.36/-1267.13,0/0/0,1/1/1,0,-1,11,1
villager1.X,372.15/62.42/-1268.12,0/10/0,0.9999999/1/0.9999999,1,0,12,1
villager1.X,383.44/62.36/-1296.32,0/0/0,1/1/1,0,-1,11,1
