type,param,dropexp,money,pos,Quaternion,sca,item,armor,weapon,colorflag,color,viewrange,wanderingrange,discoveryrange,respawntime
3,[640,0,160,0,140,0,20,20,28],1750,100,-436.95/76.22/576.3,0.000000/0.000000/0.000000/1.000000,1/1/1,[207,-1,-1,-1,-1],[105,-1,-1,-1,-1],[105,-1,-1,-1,-1],[100,0,0,0,0,8,0,0,0,0,3,0,0,0,0],1,0.000000/0.000000/1.000000/1.000000,10,10,10,30
3,[800,0,230,0,80,0,20,50,28],1400,100,-425.77/76.22/578.72,0.000000/0.000000/0.000000/1.000000,1/1/1,[207,-1,-1,-1,-1],[105,-1,-1,-1,-1],[105,-1,-1,-1,-1],[100,0,0,0,0,8,0,2,0,0,3,0,2,0,0],1,1.000000/0.000000/0.000000/1.000000,10,10,10,30
