name,pos,ang,sca,type,shopid,messeageid,showtitle
villager1.X,219.18/67.027/-30.75,0.000000/0.043619/0.000000/0.999048,0.4000001/0.4/0.4000001,1,8,12,1
