name,pos,ang,sca,messeageid,showtitle
villager1.X,-1059.02/69.2/-1914.3,0/0.7986342/0/-0.6018169,0.4000002/0.4/0.4000002,0,-1,20,1
