name,pos,ang,sca,type,shopid,messeageid,showtitle
villager1.X,-106.55/57.43/556.39,0.000000/-1.000000/0.000000/0.000000,0.4/0.4/0.4,1,0,12,1
villager1.X,-111.16/57.4/556.64,0.000000/1.000000/0.000000/0.000000,0.4/0.4/0.4,0,-1,27,1
villager1.X,-116.24/57.13/557.06,0.000000/1.000000/0.000000/0.000000,0.4/0.4/0.4,0,-1,57,1
villager1.X,-116.24/56.05/520.6,0.000000/1.000000/0.000000/0.000000,0.25/0.25/0.25,0,-1,33,1
villager1.X,-111.34/56.05/520.51,0.000000/0.948131/0.000000/-0.317879,0.25/0.25/0.25,0,-1,34,1
