name,pos,ang,sca,messeageid,showtitle
villager1.X,-381.99/58.75/-71.06,0.000000/0.000000/0.000000/1.000000,0.4/0.4/0.4,1,1,12,1
villager1.X,-401.71/60.8/-95.06,0.000000/1.000000/0.000000/0.000000,0.4/0.4/0.4,0,0,17,1
villager1.X,-400.53/60.9/-51.01,0.000000/0.000000/0.000000/1.000000,0.4/0.4/0.4,0,0,17,1
villager1.X,-409.25/59.3/-63.61,0.000000/-0.707107/0.000000/0.707107,0.4000006/0.4/0.4000006,0,0,16,1
