name,pos,ang,sca,messeageid,showtitle
villager1.X,-1045.91/69.2/-1939.4,0/0.8378699/0/-0.5458699,0.4000002/0.4/0.4000002,0,-1,15,1
