name,pos,ang,sca
1st_ie.X,-1079.5/77.4/-1958.6,0/-0.9934645/0/0.1141418,2/2/2,0
