name,pos,ang,sca
1st_ie.X,-399/68.43/-19.91,0/0/0/1,0.4/0.4/0.4,0
coll,0.1000214/-0.7250023/-0.374999,0/0/0/1,3.5/3.5/3.5,1
