pos[],rot[],time[],size
[-401.48/68.08/-29,-485.7/68.08/154.3,-485.7/68.08/154.3,-481.81/68.08/229.76,-481.81/68.08/229.76],[0.000000/-0.213627/0.000000/0.976915,0.000000/-0.213627/0.000000/0.976915,0.000000/0.025305/0.000000/0.999680,0.000000/0.025305/0.000000/0.999680,0.000000/0.025305/0.000000/0.999680],[1,1,1,1,1],5
[],[],[],0
