pos[],rot[],time[],size,,,,,,,,,,,,,,,,,,,,,
[-401.48/68.08/-29,-0.046236253,-0.046236253,-481.81/68.08/229.76],[0.000000/-0.213627/0.000000/0.976915,0.000000/-0.213627/0.000000/0.976915,0.000000/0.025305/0.000000/0.999680,0.000000/0.025305/0.000000/0.999680],[1,1,1,1],4,,,,,,,,,,,,
[-401.71/60.8/-95.06,0.030536349,-448/60.8/-242.62],[0.000000/1.000000/0.000000/0.000000,0.000000/1.000000/0.000000/0.000000,0.000000/1.000000/0.000000/0.000000],[1,1,3],3,,,,,,,,,,,,,,,
[-409.25/59.3/-63.61,0.195002555,0.195002555,0.670919609,0.670919609,-0.513641973,-0.513641973,-677.78/65.61/29.52],[0.000000/-0.707107/0.000000/0.707107,0.000000/-0.707107/0.000000/0.707107,0.000000/-0.591699/0.000000/0.806159,0.000000/-0.591697/0.000000/0.806161,0.000000/0.222765/0.000000/0.974872,0.000000/0.222765/0.000000/0.974872,0.000000/-0.124684/0.000000/0.992197,0.000000/-0.124684/0.000000/0.992197],[1,1,1,1,1,1,1,3],8
[-200.22/58.6/-140.48,0.018622159,0.018622159,0.00230605,0.00230605,-40.86002/85.67999/-206.8],[0.000000/0.740852/0.000000/0.671668,0.000000/0.740852/0.000000/0.671669,0.000000/0.866709/0.000000/0.498814,0.000000/0.866710/0.000000/0.498813,0.222758/0.693262/-0.240633/0.641765,0.222758/0.693262/-0.240633/0.641765],[1,1,1,1,1,3],6,,,,,,
[-403.41/64.4/-40.93,-0.043510513,-0.043510513,-472.53/71.2/260.19],[0.000000/-0.137800/0.000000/0.990460,0.000000/-0.137800/0.000000/0.990460,0.000000/0.014042/0.000000/0.999901,0.000000/0.014042/0.000000/0.999901],[1,1,1,1],4,,,,,,,,,,,,
