pos[],rot[],time[],fade[],size
[-401.48/68.08/-29,-485.7/68.08/154.3,-485.7/68.08/154.3,-481.81/68.08/229.76],[0.000000/-0.213627/0.000000/0.976915,0.000000/-0.213627/0.000000/0.976915,0.000000/0.025305/0.000000/0.999680,0.000000/0.025305/0.000000/0.999680],[1,1,1,1],[0,0,0,0],4
[-401.71/60.8/-95.06,-448/60.8/-241.3,-448/60.8/-242.62],[0.000000/1.000000/0.000000/0.000000,0.000000/1.000000/0.000000/0.000000,0.000000/1.000000/0.000000/0.000000],[1,1,3],[0,0,0],3
[-409.25/59.3/-63.61,-609/65.61/-47.6,-609/65.61/-47.6,-693.74/65.61/-15.76,-693.74/65.61/-15.76,-676.36/65.61/20.07,-676.36/65.61/20.07,-677.78/65.61/29.52],[0.000000/-0.707107/0.000000/0.707107,0.000000/-0.707107/0.000000/0.707107,0.000000/-0.591699/0.000000/0.806159,0.000000/-0.591697/0.000000/0.806161,0.000000/0.222765/0.000000/0.974872,0.000000/0.222765/0.000000/0.974872,0.000000/-0.124684/0.000000/0.992197,0.000000/-0.124684/0.000000/0.992197],[1,1,1,1,1,1,1,3],[0,0,0,0,0,0,0,0],8
[-200.22/58.6/-140.48,-247.14/58.6/-140.48,-247.14/58.6/-140.48,-339.54/58.6/-69.68,-339.54/58.6/-69.68,-339.54/58.6/-69.68],[0.000000/-0.737277/0.000000/0.675590,0.000000/-0.740852/0.000000/0.671669,0.000000/-0.442631/0.000000/0.896704,0.000000/-0.442631/0.000000/0.896704,0.000000/-0.652215/0.000000/0.758034,0.000000/-0.652215/0.000000/0.758034],[1,1,1,1,1,3],[0,0,0,0,0,0],6
[-403.41/64.4/-40.93,-475.69/71.2/153.55,-475.69/71.2/153.55,-472.53/71.2/260.19],[0.000000/-0.137800/0.000000/0.990460,0.000000/-0.137800/0.000000/0.990460,0.000000/0.014042/0.000000/0.999901,0.000000/0.014042/0.000000/0.999901],[1,1,1,1],[0,0,0,0],4
