pos[],rot[],time[],fade[],size
[-401.48/68.08/-29,-485.7/68.08/154.3,-485.7/68.08/154.3,-481.81/68.08/229.76],[0.000000/-0.213627/0.000000/0.976915,0.000000/-0.213627/0.000000/0.976915,0.000000/0.025305/0.000000/0.999680,0.000000/0.025305/0.000000/0.999680],[1,1,1,1],[0,0,0,0],4
[-401.71/60.8/-95.06,-448/60.8/-241.3,-448/60.8/-242.62],[0.000000/1.000000/0.000000/0.000000,0.000000/1.000000/0.000000/0.000000,0.000000/1.000000/0.000000/0.000000],[1,1,3],[0,0,0],3
[-409.25/59.3/-63.61,-609/65.61/-47.6,-609/65.61/-47.6,-693.74/65.61/-15.76,-693.74/65.61/-15.76,-676.36/65.61/20.07,-676.36/65.61/20.07,-677.78/65.61/29.52],[0.000000/-0.707107/0.000000/0.707107,0.000000/-0.707107/0.000000/0.707107,0.000000/-0.591699/0.000000/0.806159,0.000000/-0.591697/0.000000/0.806161,0.000000/0.222765/0.000000/0.974872,0.000000/0.222765/0.000000/0.974872,0.000000/-0.124684/0.000000/0.992197,0.000000/-0.124684/0.000000/0.992197],[1,1,1,1,1,1,1,3],[0,0,0,0,0,0,0,0],8
