{
  "Player": {
    "RespawnPos_X": -387.29998779296875,
    "RespawnPos_Y": 58,
    "RespawnPos_Z": -75.800003051757813
  }
}
