{
  "Player": {
    "RespawnPos_X": 212.8800048828125,
    "RespawnPos_Y": 67,
    "RespawnPos_Z": 6.9200000762939453
  }
}
