{
  "Player": {
    "RespawnPos_X": -108.09999847412109,
    "RespawnPos_Y": 55.5,
    "RespawnPos_Z": 533.9000244140625
  }
}
