{
  "Player": {
    "RespawnPos_X": -114.23000335693359,
    "RespawnPos_Y": 183,
    "RespawnPos_Z": 184.94999694824219
  }
}
