{
  "Player": {
    "RespawnPos_X": 214.80000305175781,
    "RespawnPos_Y": 65.699996948242188,
    "RespawnPos_Z": -84.099998474121094
  }
}
