type,hp,mp,atk,mat,def,mde,dex,crt,lv,dropexp,money,pos,Quaternion,sca,item,armor,weapon
1,500/100/30/30/15/15/10/20/10,100,1000,-0.157319497,0/0/0/1,2001/1/1,0.25,,,,,,,,,,
0,10/10/5/5/1/1/1/5/2,10,10,-0.095378198,0/0/0/1,2001/1/1,-1,,,,,,,,,,
0,10/10/5/5/1/1/1/5/2,10,10,-0.03785698,0/0/0/1,2001/1/1,-1,,,,,,,,,,
0,20/20/10/10/3/3/5/10/5,20,30,0.025367349,0/0/0/1,2001/1/1,-1,,,,,,,,,,
0,20/20/10/10/3/3/5/10/5,25,30,0.024201896,0/0/0/1,2001/1/1,-1,,,,,,,,,,
0,20/20/10/10/3/3/5/10/5,20,30,0.023435602,0/0/0/1,2001/1/1,-1,,,,,,,,,,
0,20/20/15/15/3/3/5/10/5,20,30,0.022157577,0/0/0/1,2001/1/1,-1,,,,,,,,,,
3,20/20/10/10/3/3/5/10/5,20,30,0.038586459,0/0/0/1,2001/1/1,-1,,,,,,,,,,
